questions,answers
What is the value of x in the equation 3x + 4 = 13?,x = 3
"If 2x + 7 = 15, what is the value of x?",x = 4
Simplify the expression 2x + 3y + 2x + 4y.,4x + 7y
"If 3x - 5 = 7, what is the value of x?",x = 4
Factorize the expression 3x^2 + 6x.,3x(x + 2)
What is the value of y in the equation 2y - 8 = 10?, y = 9
Simplify the expression 5x - 2x + 3x.,6x
"If 4x + 3 = 27, what is the value of x?",x = 6
What is the value of x in the equation 2(x + 4) = 16?,x = 4
Simplify the expression 4x^2 - 2x^2 + 6x.,2x^2 + 6x
